Nro de Socio;Actividad;fecha de asistencia;Asistencia;Profesor;;;;
SN-4148;Futsal;03/03/2025;P;Pablo Rodrigez;;;;
SN-4148;Futsal;10/03/2025;P;Pablo Rodrigez;;;;
SN-4148;Futsal;17/03/2025;P;Pablo Rodrigez;;;;
SN-4148;Futsal;24/03/2025;P;Pablo Rodrigez;;;;
SN-4148;Futsal;31/03/2025;P;Pablo Rodrigez;;;;
SN-4148;Futsal;07/04/2025;P;Pablo Rodrigez;;;;
SN-4148;Futsal;14/04/2025;P;Pablo Rodrigez;;;;
SN-4144;Futsal;03/03/2025;P;Pablo Rodrigez;;;;
SN-4144;Futsal;10/03/2025;P;Pablo Rodrigez;;;;
SN-4144;Futsal;17/03/2025;P;Pablo Rodrigez;;;;
SN-4144;Futsal;24/03/2025;J;Pablo Rodrigez;;;;
SN-4144;Futsal;31/03/2025;P;Pablo Rodrigez;;;;
SN-4144;Futsal;07/04/2025;P;Pablo Rodrigez;;;;
SN-4144;Futsal;14/04/2025;P;Pablo Rodrigez;;;;
SN-4149;Futsal;03/03/2025;P;Pablo Rodrigez;;;;
SN-4149;Futsal;10/03/2025;A;Pablo Rodrigez;;;;
SN-4149;Futsal;17/03/2025;P;Pablo Rodrigez;;;;
SN-4149;Futsal;24/03/2025;P;Pablo Rodrigez;;;;
SN-4149;Futsal;31/03/2025;P;Pablo Rodrigez;;;;
SN-4149;Futsal;07/04/2025;P;Pablo Rodrigez;;;;
SN-4149;Futsal;14/04/2025;P;Pablo Rodrigez;;;;
SN-4150;Futsal;03/03/2025;P;Pablo Rodrigez;;;;
SN-4129;Futsal;10/03/2025;A;Pablo Rodrigez;;;;
SN-4129;Futsal;17/03/2025;P;Pablo Rodrigez;;;;
SN-4129;Futsal;24/03/2025;P;Pablo Rodrigez;;;;
SN-4129;Futsal;31/03/2025;P;Pablo Rodrigez;;;;
SN-4129;Futsal;07/04/2025;P;Pablo Rodrigez;;;;
SN-4129;Futsal;14/04/2025;P;Pablo Rodrigez;;;;
SN-4132;Futsal;03/03/2025;P;Pablo Rodrigez;;;;
SN-4132;Futsal;10/03/2025;P;Pablo Rodrigez;;;;
SN-4132;Futsal;17/03/2025;P;Pablo Rodrigez;;;;
SN-4132;Futsal;24/03/2025;P;Pablo Rodrigez;;;;
SN-4132;Futsal;31/03/2025;J;Pablo Rodrigez;;;;
SN-4132;Futsal;07/04/2025;P;Pablo Rodrigez;;;;
SN-4132;Futsal;14/04/2025;P;Pablo Rodrigez;;;;
SN-4133;Futsal;03/03/2025;P;Pablo Rodrigez;;;;
SN-4133;Futsal;10/03/2025;P;Pablo Rodrigez;;;;
SN-4133;Futsal;17/03/2025;P;Pablo Rodrigez;;;;
SN-4133;Futsal;24/03/2025;P;Pablo Rodrigez;;;;
SN-4133;Futsal;31/03/2025;P;Pablo Rodrigez;;;;
SN-4133;Futsal;07/04/2025;P;Pablo Rodrigez;;;;
SN-4133;Futsal;14/04/2025;P;Pablo Rodrigez;;;;
SN-4143;Futsal;03/03/2025;P;Pablo Rodrigez;;;;
SN-4143;Futsal;10/03/2025;A;Pablo Rodrigez;;;;
SN-4143;Futsal;17/03/2025;J;Pablo Rodrigez;;;;
SN-4143;Futsal;24/03/2025;P;Pablo Rodrigez;;;;
SN-4143;Futsal;31/03/2025;P;Pablo Rodrigez;;;;
SN-4143;Futsal;07/04/2025;A;Pablo Rodrigez;;;;
SN-4143;Futsal;14/04/2025;P;Pablo Rodrigez;;;;
SN-4154;Futsal;03/03/2025;P;Pablo Rodrigez;;;;
SN-4154;Futsal;10/03/2025;A;Pablo Rodrigez;;;;
SN-4154;Futsal;17/03/2025;P;Pablo Rodrigez;;;;
SN-4154;Futsal;24/03/2025;P;Pablo Rodrigez;;;;
SN-4154;Futsal;31/03/2025;P;Pablo Rodrigez;;;;
SN-4154;Futsal;07/04/2025;P;Pablo Rodrigez;;;;
SN-4154;Futsal;14/04/2025;P;Pablo Rodrigez;;;;
SN-4134;Futsal;03/03/2025;P;Pablo Rodrigez;;;;
SN-4134;Futsal;10/03/2025;P;Pablo Rodrigez;;;;
SN-4134;Futsal;17/03/2025;P;Pablo Rodrigez;;;;
SN-4134;Futsal;24/03/2025;J;Pablo Rodrigez;;;;
SN-4134;Futsal;31/03/2025;P;Pablo Rodrigez;;;;
SN-4134;Futsal;07/04/2025;A;Pablo Rodrigez;;;;
SN-4134;Futsal;14/04/2025;P;Pablo Rodrigez;;;;
SN-4137;Futsal;03/03/2025;P;Pablo Rodrigez;;;;
SN-4137;Futsal;10/03/2025;P;Pablo Rodrigez;;;;
SN-4137;Futsal;17/03/2025;J;Pablo Rodrigez;;;;
SN-4137;Futsal;24/03/2025;P;Pablo Rodrigez;;;;
SN-4137;Futsal;31/03/2025;P;Pablo Rodrigez;;;;
SN-4137;Futsal;07/04/2025;P;Pablo Rodrigez;;;;
SN-4137;Futsal;14/04/2025;P;Pablo Rodrigez;;;;
SN-4151;Futsal;03/03/2025;P;Pablo Rodrigez;;;;
SN-4151;Futsal;10/03/2025;A;Pablo Rodrigez;;;;
SN-4151;Futsal;17/03/2025;P;Pablo Rodrigez;;;;
SN-4151;Futsal;24/03/2025;P;Pablo Rodrigez;;;;
SN-4151;Futsal;31/03/2025;P;Pablo Rodrigez;;;;
SN-4151;Futsal;07/04/2025;P;Pablo Rodrigez;;;;
SN-4151;Futsal;14/04/2025;J;Pablo Rodrigez;;;;
SN-4145;Futsal;03/03/2025;J;Pablo Rodrigez;;;;
SN-4145;Futsal;10/03/2025;P;Pablo Rodrigez;;;;
SN-4145;Futsal;17/03/2025;P;Pablo Rodrigez;;;;
SN-4145;Futsal;24/03/2025;P;Pablo Rodrigez;;;;
SN-4145;Futsal;31/03/2025;J;Pablo Rodrigez;;;;
SN-4145;Futsal;07/04/2025;P;Pablo Rodrigez;;;;
SN-4145;Futsal;14/04/2025;P;Pablo Rodrigez;;;;
SN-4139;Futsal;03/03/2025;P;Pablo Rodrigez;;;;
SN-4139;Futsal;10/03/2025;P;Pablo Rodrigez;;;;
SN-4139;Futsal;17/03/2025;J;Pablo Rodrigez;;;;
SN-4139;Futsal;24/03/2025;J;Pablo Rodrigez;;;;
SN-4139;Futsal;31/03/2025;P;Pablo Rodrigez;;;;
SN-4139;Futsal;07/04/2025;P;Pablo Rodrigez;;;;
SN-4139;Futsal;14/04/2025;P;Pablo Rodrigez;;;;
SN-4142;Futsal;03/03/2025;P;Pablo Rodrigez;;;;
SN-4142;Futsal;10/03/2025;P;Pablo Rodrigez;;;;
SN-4142;Futsal;17/03/2025;J;Pablo Rodrigez;;;;
SN-4142;Futsal;24/03/2025;P;Pablo Rodrigez;;;;
SN-4142;Futsal;31/03/2025;P;Pablo Rodrigez;;;;
SN-4142;Futsal;07/04/2025;P;Pablo Rodrigez;;;;
SN-4142;Futsal;14/04/2025;P;Pablo Rodrigez;;;;
SN-4146;Futsal;03/03/2025;P;Pablo Rodrigez;;;;
SN-4146;Futsal;10/03/2025;A;Pablo Rodrigez;;;;
SN-4146;Futsal;17/03/2025;P;Pablo Rodrigez;;;;
SN-4146;Futsal;24/03/2025;J;Pablo Rodrigez;;;;
SN-4146;Futsal;31/03/2025;P;Pablo Rodrigez;;;;
SN-4146;Futsal;07/04/2025;P;Pablo Rodrigez;;;;
SN-4146;Futsal;14/04/2025;J;Pablo Rodrigez;;;;
SN-4141;Futsal;03/03/2025;P;Pablo Rodrigez;;;;
SN-4152;Futsal;10/03/2025;P;Pablo Rodrigez;;;;
SN-4152;Futsal;17/03/2025;P;Pablo Rodrigez;;;;
SN-4152;Futsal;24/03/2025;J;Pablo Rodrigez;;;;
SN-4152;Futsal;31/03/2025;P;Pablo Rodrigez;;;;
SN-4152;Futsal;07/04/2025;P;Pablo Rodrigez;;;;
SN-4152;Futsal;14/04/2025;J;Pablo Rodrigez;;;;
SN-4147;Futsal;03/03/2025;J;Pablo Rodrigez;;;;
SN-4153;Futsal;10/03/2025;P;Pablo Rodrigez;;;;
SN-4153;Futsal;17/03/2025;P;Pablo Rodrigez;;;;
SN-4153;Futsal;24/03/2025;P;Pablo Rodrigez;;;;
SN-4153;Futsal;31/03/2025;P;Pablo Rodrigez;;;;
SN-4153;Futsal;07/04/2025;P;Pablo Rodrigez;;;;
SN-4153;Futsal;14/04/2025;P;Pablo Rodrigez;;;;
SN-4148;Vóley;04/03/2025;P;Ana Paula Alvarez;;;;
SN-4148;Vóley;11/03/2025;P;Ana Paula Alvarez;;;;
SN-4148;Vóley;18/03/2025;J;Ana Paula Alvarez;;;;
SN-4148;Vóley;25/03/2025;P;Ana Paula Alvarez;;;;
SN-4148;Vóley;01/04/2025;P;Ana Paula Alvarez;;;;
SN-4148;Vóley;08/04/2025;P;Ana Paula Alvarez;;;;
SN-4148;Vóley;15/04/2025;J;Ana Paula Alvarez;;;;
SN-4144;Vóley;04/03/2025;P;Ana Paula Alvarez;;;;
SN-4144;Vóley;11/03/2025;P;Ana Paula Alvarez;;;;
SN-4144;Vóley;18/03/2025;P;Ana Paula Alvarez;;;;
SN-4144;Vóley;25/03/2025;J;Ana Paula Alvarez;;;;
SN-4144;Vóley;01/04/2025;P;Ana Paula Alvarez;;;;
SN-4144;Vóley;08/04/2025;P;Ana Paula Alvarez;;;;
SN-4144;Vóley;15/04/2025;P;Ana Paula Alvarez;;;;
SN-4149;Vóley;04/03/2025;A;Ana Paula Alvarez;;;;
SN-4149;Vóley;11/03/2025;P;Ana Paula Alvarez;;;;
SN-4149;Vóley;18/03/2025;P;Ana Paula Alvarez;;;;
SN-4149;Vóley;25/03/2025;J;Ana Paula Alvarez;;;;
SN-4149;Vóley;01/04/2025;P;Ana Paula Alvarez;;;;
SN-4149;Vóley;08/04/2025;P;Ana Paula Alvarez;;;;
SN-4149;Vóley;15/04/2025;P;Ana Paula Alvarez;;;;
SN-4150;Vóley;04/03/2025;A;Ana Paula Alvarez;;;;
SN-4150;Vóley;11/03/2025;P;Ana Paula Alvarez;;;;
SN-4150;Vóley;18/03/2025;P;Ana Paula Alvarez;;;;
SN-4150;Vóley;25/03/2025;J;Ana Paula Alvarez;;;;
SN-4150;Vóley;01/04/2025;P;Ana Paula Alvarez;;;;
SN-4150;Vóley;08/04/2025;P;Ana Paula Alvarez;;;;
SN-4150;Vóley;15/04/2025;P;Ana Paula Alvarez;;;;
SN-4129;Vóley;04/03/2025;A;Ana Paula Alvarez;;;;
SN-4129;Vóley;11/03/2025;P;Ana Paula Alvarez;;;;
SN-4129;Vóley;18/03/2025;P;Ana Paula Alvarez;;;;
SN-4129;Vóley;25/03/2025;P;Ana Paula Alvarez;;;;
SN-4129;Vóley;01/04/2025;P;Ana Paula Alvarez;;;;
SN-4129;Vóley;08/04/2025;J;Ana Paula Alvarez;;;;
SN-4129;Vóley;15/04/2025;P;Ana Paula Alvarez;;;;
SN-4132;Vóley;04/03/2025;P;Ana Paula Alvarez;;;;
SN-4132;Vóley;11/03/2025;J;Ana Paula Alvarez;;;;
SN-4132;Vóley;18/03/2025;P;Ana Paula Alvarez;;;;
SN-4132;Vóley;25/03/2025;P;Ana Paula Alvarez;;;;
SN-4132;Vóley;01/04/2025;P;Ana Paula Alvarez;;;;
SN-4132;Vóley;08/04/2025;P;Ana Paula Alvarez;;;;
SN-4132;Vóley;15/04/2025;J;Ana Paula Alvarez;;;;
SN-4133;Vóley;04/03/2025;P;Ana Paula Alvarez;;;;
SN-4133;Vóley;11/03/2025;P;Ana Paula Alvarez;;;;
SN-4133;Vóley;18/03/2025;J;Ana Paula Alvarez;;;;
SN-4133;Vóley;25/03/2025;P;Ana Paula Alvarez;;;;
SN-4133;Vóley;01/04/2025;P;Ana Paula Alvarez;;;;
SN-4133;Vóley;08/04/2025;P;Ana Paula Alvarez;;;;
SN-4133;Vóley;15/04/2025;P;Ana Paula Alvarez;;;;
SN-4143;Vóley;04/03/2025;A;Ana Paula Alvarez;;;;
SN-4143;Vóley;11/03/2025;P;Ana Paula Alvarez;;;;
SN-4143;Vóley;18/03/2025;P;Ana Paula Alvarez;;;;
SN-4143;Vóley;25/03/2025;P;Ana Paula Alvarez;;;;
SN-4143;Vóley;01/04/2025;P;Ana Paula Alvarez;;;;
SN-4143;Vóley;08/04/2025;J;Ana Paula Alvarez;;;;
SN-4143;Vóley;15/04/2025;P;Ana Paula Alvarez;;;;
SN-4154;Vóley;04/03/2025;P;Ana Paula Alvarez;;;;
SN-4154;Vóley;11/03/2025;J;Ana Paula Alvarez;;;;
SN-4154;Vóley;18/03/2025;P;Ana Paula Alvarez;;;;
SN-4154;Vóley;25/03/2025;P;Ana Paula Alvarez;;;;
SN-4154;Vóley;01/04/2025;P;Ana Paula Alvarez;;;;
SN-4154;Vóley;08/04/2025;P;Ana Paula Alvarez;;;;
SN-4154;Vóley;15/04/2025;J;Ana Paula Alvarez;;;;
SN-4134;Vóley;04/03/2025;P;Ana Paula Alvarez;;;;
SN-4134;Vóley;11/03/2025;P;Ana Paula Alvarez;;;;
SN-4134;Vóley;18/03/2025;P;Ana Paula Alvarez;;;;
SN-4134;Vóley;25/03/2025;J;Ana Paula Alvarez;;;;
SN-4134;Vóley;01/04/2025;P;Ana Paula Alvarez;;;;
SN-4134;Vóley;08/04/2025;P;Ana Paula Alvarez;;;;
SN-4134;Vóley;15/04/2025;P;Ana Paula Alvarez;;;;
SN-4127;Taekwondo;05/03/2025;P;Kito Mihaji;;;;
SN-4127;Taekwondo;12/03/2025;P;Kito Mihaji;;;;
SN-4127;Taekwondo;19/03/2025;J;Kito Mihaji;;;;
SN-4127;Taekwondo;26/03/2025;P;Kito Mihaji;;;;
SN-4127;Taekwondo;02/04/2025;P;Kito Mihaji;;;;
SN-4127;Taekwondo;09/04/2025;P;Kito Mihaji;;;;
SN-4128;Taekwondo;05/03/2025;P;Kito Mihaji;;;;
SN-4128;Taekwondo;12/03/2025;J;Kito Mihaji;;;;
SN-4128;Taekwondo;19/03/2025;P;Kito Mihaji;;;;
SN-4128;Taekwondo;26/03/2025;P;Kito Mihaji;;;;
SN-4128;Taekwondo;02/04/2025;J;Kito Mihaji;;;;
SN-4128;Taekwondo;09/04/2025;P;Kito Mihaji;;;;
SN-4130;Taekwondo;05/03/2025;P;Kito Mihaji;;;;
SN-4130;Taekwondo;12/03/2025;P;Kito Mihaji;;;;
SN-4130;Taekwondo;19/03/2025;J;Kito Mihaji;;;;
SN-4130;Taekwondo;26/03/2025;P;Kito Mihaji;;;;
SN-4130;Taekwondo;02/04/2025;P;Kito Mihaji;;;;
SN-4130;Taekwondo;09/04/2025;P;Kito Mihaji;;;;
SN-4131;Taekwondo;05/03/2025;P;Kito Mihaji;;;;
SN-4131;Taekwondo;12/03/2025;J;Kito Mihaji;;;;
SN-4131;Taekwondo;19/03/2025;P;Kito Mihaji;;;;
SN-4131;Taekwondo;26/03/2025;P;Kito Mihaji;;;;
SN-4131;Taekwondo;02/04/2025;P;Kito Mihaji;;;;
SN-4131;Taekwondo;09/04/2025;J;Kito Mihaji;;;;
SN-4135;Taekwondo;05/03/2025;P;Kito Mihaji;;;;
SN-4135;Taekwondo;12/03/2025;P;Kito Mihaji;;;;
SN-4135;Taekwondo;19/03/2025;P;Kito Mihaji;;;;
SN-4135;Taekwondo;26/03/2025;P;Kito Mihaji;;;;
SN-4135;Taekwondo;02/04/2025;P;Kito Mihaji;;;;
SN-4135;Taekwondo;09/04/2025;J;Kito Mihaji;;;;
SN-4136;Taekwondo;05/03/2025;P;Kito Mihaji;;;;
SN-4136;Taekwondo;12/03/2025;P;Kito Mihaji;;;;
SN-4136;Taekwondo;19/03/2025;P;Kito Mihaji;;;;
SN-4136;Taekwondo;26/03/2025;P;Kito Mihaji;;;;
SN-4136;Taekwondo;02/04/2025;J;Kito Mihaji;;;;
SN-4136;Taekwondo;09/04/2025;P;Kito Mihaji;;;;
SN-4138;Taekwondo;05/03/2025;P;Kito Mihaji;;;;
SN-4138;Taekwondo;12/03/2025;P;Kito Mihaji;;;;
SN-4138;Taekwondo;19/03/2025;J;Kito Mihaji;;;;
SN-4138;Taekwondo;26/03/2025;P;Kito Mihaji;;;;
SN-4138;Taekwondo;02/04/2025;P;Kito Mihaji;;;;
SN-4138;Taekwondo;09/04/2025;P;Kito Mihaji;;;;
SN-4140;Taekwondo;05/03/2025;P;Kito Mihaji;;;;
SN-4140;Taekwondo;12/03/2025;J;Kito Mihaji;;;;
SN-4140;Taekwondo;19/03/2025;P;Kito Mihaji;;;;
SN-4140;Taekwondo;26/03/2025;P;Kito Mihaji;;;;
SN-4140;Taekwondo;02/04/2025;P;Kito Mihaji;;;;
SN-4140;Taekwondo;09/04/2025;J;Kito Mihaji;;;;
SN-4144;Baile artístico;06/03/2025;P;Carolina Herreta;;;;
SN-4144;Baile artístico;13/03/2025;P;Carolina Herreta;;;;
SN-4144;Baile artístico;20/03/2025;P;Carolina Herreta;;;;
SN-4144;Baile artístico;27/03/2025;J;Carolina Herreta;;;;
SN-4144;Baile artístico;03/04/2025;P;Carolina Herreta;;;;
SN-4144;Baile artístico;10/04/2025;P;Carolina Herreta;;;;
SN-4122;Baile artístico;06/03/2025;P;Carolina Herreta;;;;
SN-4122;Baile artístico;13/03/2025;P;Carolina Herreta;;;;
SN-4122;Baile artístico;20/03/2025;J;Carolina Herreta;;;;
SN-4122;Baile artístico;27/03/2025;P;Carolina Herreta;;;;
SN-4122;Baile artístico;03/04/2025;P;Carolina Herreta;;;;
SN-4122;Baile artístico;10/04/2025;P;Carolina Herreta;;;;
SN-4123;Baile artístico;06/03/2025;P;Carolina Herreta;;;;
SN-4123;Baile artístico;13/03/2025;P;Carolina Herreta;;;;
SN-4123;Baile artístico;20/03/2025;P;Carolina Herreta;;;;
SN-4123;Baile artístico;27/03/2025;P;Carolina Herreta;;;;
SN-4123;Baile artístico;03/04/2025;P;Carolina Herreta;;;;
SN-4123;Baile artístico;10/04/2025;J;Carolina Herreta;;;;
SN-4124;Baile artístico;06/03/2025;P;Carolina Herreta;;;;
SN-4124;Baile artístico;13/03/2025;P;Carolina Herreta;;;;
SN-4124;Baile artístico;20/03/2025;P;Carolina Herreta;;;;
SN-4124;Baile artístico;27/03/2025;P;Carolina Herreta;;;;
SN-4124;Baile artístico;03/04/2025;P;Carolina Herreta;;;;
SN-4124;Baile artístico;10/04/2025;P;Carolina Herreta;;;;
SN-4126;Baile artístico;06/03/2025;P;Carolina Herreta;;;;
SN-4126;Baile artístico;13/03/2025;P;Carolina Herreta;;;;
SN-4126;Baile artístico;20/03/2025;P;Carolina Herreta;;;;
SN-4126;Baile artístico;27/03/2025;P;Carolina Herreta;;;;
SN-4126;Baile artístico;03/04/2025;A;Carolina Herreta;;;;
SN-4126;Baile artístico;10/04/2025;P;Carolina Herreta;;;;
SN-4129;Baile artístico;06/03/2025;P;Carolina Herreta;;;;
SN-4129;Baile artístico;13/03/2025;P;Carolina Herreta;;;;
SN-4129;Baile artístico;20/03/2025;J;Carolina Herreta;;;;
SN-4129;Baile artístico;27/03/2025;P;Carolina Herreta;;;;
SN-4129;Baile artístico;03/04/2025;P;Carolina Herreta;;;;
SN-4129;Baile artístico;10/04/2025;P;Carolina Herreta;;;;
SN-4131;Baile artístico;06/03/2025;P;Carolina Herreta;;;;
SN-4131;Baile artístico;13/03/2025;J;Carolina Herreta;;;;
SN-4131;Baile artístico;20/03/2025;P;Carolina Herreta;;;;
SN-4131;Baile artístico;27/03/2025;P;Carolina Herreta;;;;
SN-4131;Baile artístico;03/04/2025;P;Carolina Herreta;;;;
SN-4131;Baile artístico;10/04/2025;P;Carolina Herreta;;;;
SN-4133;Baile artístico;06/03/2025;P;Carolina Herreta;;;;
SN-4133;Baile artístico;13/03/2025;P;Carolina Herreta;;;;
SN-4133;Baile artístico;20/03/2025;P;Carolina Herreta;;;;
SN-4133;Baile artístico;27/03/2025;J;Carolina Herreta;;;;
SN-4133;Baile artístico;03/04/2025;P;Carolina Herreta;;;;
SN-4133;Baile artístico;10/04/2025;P;Carolina Herreta;;;;
SN-4143;Baile artístico;06/03/2025;P;Carolina Herreta;;;;
SN-4143;Baile artístico;13/03/2025;J;Carolina Herreta;;;;
SN-4143;Baile artístico;20/03/2025;P;Carolina Herreta;;;;
SN-4143;Baile artístico;27/03/2025;P;Carolina Herreta;;;;
SN-4143;Baile artístico;03/04/2025;P;Carolina Herreta;;;;
SN-4143;Baile artístico;10/04/2025;P;Carolina Herreta;;;;
SN-4154;Baile artístico;06/03/2025;P;Carolina Herreta;;;;
SN-4154;Baile artístico;13/03/2025;J;Carolina Herreta;;;;
SN-4154;Baile artístico;20/03/2025;P;Carolina Herreta;;;;
SN-4154;Baile artístico;27/03/2025;P;Carolina Herreta;;;;
SN-4154;Baile artístico;03/04/2025;P;Carolina Herreta;;;;
SN-4154;Baile artístico;10/04/2025;P;Carolina Herreta;;;;
SN-4134;Baile artístico;06/03/2025;J;Carolina Herreta;;;;
SN-4134;Baile artístico;13/03/2025;P;Carolina Herreta;;;;
SN-4134;Baile artístico;20/03/2025;P;Carolina Herreta;;;;
SN-4134;Baile artístico;27/03/2025;P;Carolina Herreta;;;;
SN-4134;Baile artístico;03/04/2025;P;Carolina Herreta;;;;
SN-4134;Baile artístico;10/04/2025;J;Carolina Herreta;;;;
SN-4145;Baile artístico;06/03/2025;P;Carolina Herreta;;;;
SN-4145;Baile artístico;13/03/2025;P;Carolina Herreta;;;;
SN-4145;Baile artístico;20/03/2025;P;Carolina Herreta;;;;
SN-4145;Baile artístico;27/03/2025;P;Carolina Herreta;;;;
SN-4145;Baile artístico;03/04/2025;A;Carolina Herreta;;;;
SN-4145;Baile artístico;10/04/2025;P;Carolina Herreta;;;;
SN-4138;Baile artístico;06/03/2025;P;Carolina Herreta;;;;
SN-4138;Baile artístico;13/03/2025;P;Carolina Herreta;;;;
SN-4138;Baile artístico;20/03/2025;P;Carolina Herreta;;;;
SN-4138;Baile artístico;27/03/2025;P;Carolina Herreta;;;;
SN-4138;Baile artístico;03/04/2025;A;Carolina Herreta;;;;
SN-4138;Baile artístico;10/04/2025;P;Carolina Herreta;;;;
SN-4139;Baile artístico;06/03/2025;P;Carolina Herreta;;;;
SN-4139;Baile artístico;13/03/2025;P;Carolina Herreta;;;;
SN-4139;Baile artístico;20/03/2025;J;Carolina Herreta;;;;
SN-4139;Baile artístico;27/03/2025;P;Carolina Herreta;;;;
SN-4139;Baile artístico;03/04/2025;P;Carolina Herreta;;;;
SN-4139;Baile artístico;10/04/2025;J;Carolina Herreta;;;;
SN-4142;Baile artístico;06/03/2025;P;Carolina Herreta;;;;
SN-4142;Baile artístico;13/03/2025;P;Carolina Herreta;;;;
SN-4142;Baile artístico;20/03/2025;P;Carolina Herreta;;;;
SN-4142;Baile artístico;27/03/2025;J;Carolina Herreta;;;;
SN-4142;Baile artístico;03/04/2025;P;Carolina Herreta;;;;
SN-4142;Baile artístico;10/04/2025;P;Carolina Herreta;;;;
SN-4146;Baile artístico;06/03/2025;P;Carolina Herreta;;;;
SN-4146;Baile artístico;13/03/2025;P;Carolina Herreta;;;;
SN-4146;Baile artístico;20/03/2025;J;Carolina Herreta;;;;
SN-4146;Baile artístico;27/03/2025;P;Carolina Herreta;;;;
SN-4146;Baile artístico;03/04/2025;P;Carolina Herreta;;;;
SN-4146;Baile artístico;10/04/2025;P;Carolina Herreta;;;;
SN-4141;Baile artístico;06/03/2025;P;Carolina Herreta;;;;
SN-4141;Baile artístico;13/03/2025;J;Carolina Herreta;;;;
SN-4141;Baile artístico;20/03/2025;P;Carolina Herreta;;;;
SN-4141;Baile artístico;27/03/2025;P;Carolina Herreta;;;;
SN-4141;Baile artístico;03/04/2025;A;Carolina Herreta;;;;
SN-4141;Baile artístico;10/04/2025;P;Carolina Herreta;;;;
SN-4140;Baile artístico;06/03/2025;P;Carolina Herreta;;;;
SN-4140;Baile artístico;13/03/2025;P;Carolina Herreta;;;;
SN-4140;Baile artístico;20/03/2025;J;Carolina Herreta;;;;
SN-4140;Baile artístico;27/03/2025;P;Carolina Herreta;;;;
SN-4140;Baile artístico;03/04/2025;A;Carolina Herreta;;;;
SN-4140;Baile artístico;10/04/2025;P;Carolina Herreta;;;;
SN-4121;Natación;07/03/2025;P;Paula Quiroga;;;;
SN-4121;Natación;14/03/2025;P;Paula Quiroga;;;;
SN-4121;Natación;21/03/2025;A;Paula Quiroga;;;;
SN-4121;Natación;28/03/2025;P;Paula Quiroga;;;;
SN-4121;Natación;04/04/2025;P;Paula Quiroga;;;;
SN-4121;Natación;11/04/2025;A;Paula Quiroga;;;;
SN-4122;Natación;07/03/2025;P;Paula Quiroga;;;;
SN-4122;Natación;14/03/2025;P;Paula Quiroga;;;;
SN-4122;Natación;21/03/2025;P;Paula Quiroga;;;;
SN-4122;Natación;28/03/2025;A;Paula Quiroga;;;;
SN-4122;Natación;04/04/2025;P;Paula Quiroga;;;;
SN-4122;Natación;11/04/2025;P;Paula Quiroga;;;;
SN-4123;Natación;07/03/2025;P;Paula Quiroga;;;;
SN-4123;Natación;14/03/2025;J;Paula Quiroga;;;;
SN-4123;Natación;21/03/2025;P;Paula Quiroga;;;;
SN-4123;Natación;28/03/2025;P;Paula Quiroga;;;;
SN-4123;Natación;04/04/2025;J;Paula Quiroga;;;;
SN-4123;Natación;11/04/2025;P;Paula Quiroga;;;;
SN-4124;Natación;07/03/2025;P;Paula Quiroga;;;;
SN-4124;Natación;14/03/2025;P;Paula Quiroga;;;;
SN-4124;Natación;21/03/2025;A;Paula Quiroga;;;;
SN-4124;Natación;28/03/2025;P;Paula Quiroga;;;;
SN-4124;Natación;04/04/2025;P;Paula Quiroga;;;;
SN-4124;Natación;11/04/2025;P;Paula Quiroga;;;;
SN-4125;Natación;07/03/2025;J;Paula Quiroga;;;;
SN-4125;Natación;14/03/2025;P;Paula Quiroga;;;;
SN-4125;Natación;21/03/2025;P;Paula Quiroga;;;;
SN-4125;Natación;28/03/2025;A;Paula Quiroga;;;;
SN-4125;Natación;04/04/2025;P;Paula Quiroga;;;;
SN-4125;Natación;11/04/2025;P;Paula Quiroga;;;;
SN-4126;Natación;07/03/2025;J;Paula Quiroga;;;;
SN-4126;Natación;14/03/2025;P;Paula Quiroga;;;;
SN-4126;Natación;21/03/2025;P;Paula Quiroga;;;;
SN-4126;Natación;28/03/2025;P;Paula Quiroga;;;;
SN-4126;Natación;04/04/2025;J;Paula Quiroga;;;;
SN-4126;Natación;11/04/2025;P;Paula Quiroga;;;;
SN-4127;Natación;07/03/2025;P;Paula Quiroga;;;;
SN-4127;Natación;14/03/2025;J;Paula Quiroga;;;;
SN-4127;Natación;21/03/2025;P;Paula Quiroga;;;;
SN-4127;Natación;28/03/2025;P;Paula Quiroga;;;;
SN-4127;Natación;04/04/2025;P;Paula Quiroga;;;;
SN-4127;Natación;11/04/2025;A;Paula Quiroga;;;;
SN-4128;Natación;07/03/2025;P;Paula Quiroga;;;;
SN-4128;Natación;14/03/2025;P;Paula Quiroga;;;;
SN-4128;Natación;21/03/2025;A;Paula Quiroga;;;;
SN-4128;Natación;28/03/2025;P;Paula Quiroga;;;;
SN-4128;Natación;04/04/2025;P;Paula Quiroga;;;;
SN-4128;Natación;11/04/2025;A;Paula Quiroga;;;;
SN-4130;Natación;07/03/2025;P;Paula Quiroga;;;;
SN-4130;Natación;14/03/2025;P;Paula Quiroga;;;;
SN-4130;Natación;21/03/2025;A;Paula Quiroga;;;;
SN-4130;Natación;28/03/2025;P;Paula Quiroga;;;;
SN-4130;Natación;04/04/2025;J;Paula Quiroga;;;;
SN-4130;Natación;11/04/2025;P;Paula Quiroga;;;;
SN-4131;Natación;07/03/2025;P;Paula Quiroga;;;;
SN-4131;Natación;14/03/2025;P;Paula Quiroga;;;;
SN-4131;Natación;21/03/2025;A;Paula Quiroga;;;;
SN-4131;Natación;28/03/2025;P;Paula Quiroga;;;;
SN-4131;Natación;04/04/2025;P;Paula Quiroga;;;;
SN-4131;Natación;11/04/2025;A;Paula Quiroga;;;;
SN-4135;Natación;07/03/2025;P;Paula Quiroga;;;;
SN-4135;Natación;14/03/2025;P;Paula Quiroga;;;;
SN-4135;Natación;21/03/2025;A;Paula Quiroga;;;;
SN-4135;Natación;28/03/2025;P;Paula Quiroga;;;;
SN-4135;Natación;04/04/2025;P;Paula Quiroga;;;;
SN-4135;Natación;11/04/2025;A;Paula Quiroga;;;;
SN-4136;Natación;07/03/2025;P;Paula Quiroga;;;;
SN-4136;Natación;14/03/2025;P;Paula Quiroga;;;;
SN-4136;Natación;21/03/2025;P;Paula Quiroga;;;;
SN-4136;Natación;28/03/2025;A;Paula Quiroga;;;;
SN-4136;Natación;04/04/2025;P;Paula Quiroga;;;;
SN-4136;Natación;11/04/2025;A;Paula Quiroga;;;;
SN-4138;Natación;07/03/2025;P;Paula Quiroga;;;;
SN-4138;Natación;14/03/2025;P;Paula Quiroga;;;;
SN-4138;Natación;21/03/2025;A;Paula Quiroga;;;;
SN-4138;Natación;28/03/2025;P;Paula Quiroga;;;;
SN-4138;Natación;04/04/2025;P;Paula Quiroga;;;;
SN-4138;Natación;11/04/2025;P;Paula Quiroga;;;;
SN-4140;Natación;07/03/2025;J;Paula Quiroga;;;;
SN-4140;Natación;14/03/2025;P;Paula Quiroga;;;;
SN-4140;Natación;21/03/2025;P;Paula Quiroga;;;;
SN-4140;Natación;28/03/2025;P;Paula Quiroga;;;;
SN-4140;Natación;04/04/2025;P;Paula Quiroga;;;;
SN-4140;Natación;11/04/2025;A;Paula Quiroga;;;;
SN-4028;Natación;07/03/2025;P;Paula Quiroga;;;;
SN-4028;Natación;14/03/2025;P;Paula Quiroga;;;;
SN-4028;Natación;21/03/2025;A;Paula Quiroga;;;;
SN-4028;Natación;28/03/2025;A;Paula Quiroga;;;;
SN-4028;Natación;04/04/2025;P;Paula Quiroga;;;;
SN-4028;Natación;11/04/2025;P;Paula Quiroga;;;;
SN-4030;Natación;07/03/2025;P;Paula Quiroga;;;;
SN-4030;Natación;14/03/2025;J;Paula Quiroga;;;;
SN-4030;Natación;21/03/2025;P;Paula Quiroga;;;;
SN-4030;Natación;28/03/2025;P;Paula Quiroga;;;;
SN-4030;Natación;04/04/2025;P;Paula Quiroga;;;;
SN-4030;Natación;11/04/2025;A;Paula Quiroga;;;;
SN-4114;Natación;07/03/2025;P;Paula Quiroga;;;;
SN-4114;Natación;14/03/2025;P;Paula Quiroga;;;;
SN-4114;Natación;21/03/2025;P;Paula Quiroga;;;;
SN-4114;Natación;28/03/2025;P;Paula Quiroga;;;;
SN-4114;Natación;04/04/2025;P;Paula Quiroga;;;;
SN-4114;Natación;11/04/2025;P;Paula Quiroga;;;;
SN-4055;Natación;07/03/2025;J;Paula Quiroga;;;;
SN-4055;Natación;14/03/2025;P;Paula Quiroga;;;;
SN-4055;Natación;21/03/2025;P;Paula Quiroga;;;;
SN-4055;Natación;28/03/2025;P;Paula Quiroga;;;;
SN-4055;Natación;04/04/2025;J;Paula Quiroga;;;;
SN-4055;Natación;11/04/2025;P;Paula Quiroga;;;;
SN-4115;Natación;07/03/2025;P;Paula Quiroga;;;;
SN-4115;Natación;14/03/2025;P;Paula Quiroga;;;;
SN-4115;Natación;21/03/2025;P;Paula Quiroga;;;;
SN-4115;Natación;28/03/2025;P;Paula Quiroga;;;;
SN-4115;Natación;04/04/2025;J;Paula Quiroga;;;;
SN-4115;Natación;11/04/2025;P;Paula Quiroga;;;;
SN-4065;Natación;07/03/2025;P;Paula Quiroga;;;;
SN-4065;Natación;14/03/2025;P;Paula Quiroga;;;;
SN-4065;Natación;21/03/2025;A;Paula Quiroga;;;;
SN-4065;Natación;28/03/2025;P;Paula Quiroga;;;;
SN-4065;Natación;04/04/2025;J;Paula Quiroga;;;;
SN-4065;Natación;11/04/2025;P;Paula Quiroga;;;;
SN-4046;Natación;07/03/2025;P;Paula Quiroga;;;;
SN-4046;Natación;14/03/2025;P;Paula Quiroga;;;;
SN-4046;Natación;21/03/2025;P;Paula Quiroga;;;;
SN-4046;Natación;28/03/2025;A;Paula Quiroga;;;;
SN-4046;Natación;04/04/2025;P;Paula Quiroga;;;;
SN-4046;Natación;11/04/2025;P;Paula Quiroga;;;;
SN-4089;Natación;07/03/2025;P;Paula Quiroga;;;;
SN-4089;Natación;14/03/2025;P;Paula Quiroga;;;;
SN-4089;Natación;21/03/2025;A;Paula Quiroga;;;;
SN-4089;Natación;28/03/2025;P;Paula Quiroga;;;;
SN-4089;Natación;04/04/2025;P;Paula Quiroga;;;;
SN-4089;Natación;11/04/2025;P;Paula Quiroga;;;;
SN-4034;Natación;07/03/2025;J;Paula Quiroga;;;;
SN-4034;Natación;14/03/2025;P;Paula Quiroga;;;;
SN-4034;Natación;21/03/2025;P;Paula Quiroga;;;;
SN-4034;Natación;28/03/2025;P;Paula Quiroga;;;;
SN-4034;Natación;04/04/2025;P;Paula Quiroga;;;;
SN-4034;Natación;11/04/2025;A;Paula Quiroga;;;;
SN-4090;Natación;07/03/2025;P;Paula Quiroga;;;;
SN-4090;Natación;14/03/2025;P;Paula Quiroga;;;;
SN-4090;Natación;21/03/2025;P;Paula Quiroga;;;;
SN-4090;Natación;28/03/2025;P;Paula Quiroga;;;;
SN-4090;Natación;04/04/2025;J;Paula Quiroga;;;;
SN-4090;Natación;11/04/2025;P;Paula Quiroga;;;;
SN-4004;Natación;07/03/2025;P;Paula Quiroga;;;;
SN-4004;Natación;14/03/2025;J;Paula Quiroga;;;;
SN-4004;Natación;21/03/2025;P;Paula Quiroga;;;;
SN-4004;Natación;28/03/2025;P;Paula Quiroga;;;;
SN-4004;Natación;04/04/2025;P;Paula Quiroga;;;;
SN-4004;Natación;11/04/2025;A;Paula Quiroga;;;;
SN-4091;Natación;07/03/2025;P;Paula Quiroga;;;;
SN-4091;Natación;14/03/2025;P;Paula Quiroga;;;;
SN-4091;Natación;21/03/2025;P;Paula Quiroga;;;;
SN-4091;Natación;28/03/2025;P;Paula Quiroga;;;;
SN-4091;Natación;04/04/2025;J;Paula Quiroga;;;;
SN-4091;Natación;11/04/2025;P;Paula Quiroga;;;;
SN-4092;Natación;07/03/2025;P;Paula Quiroga;;;;
SN-4092;Natación;14/03/2025;P;Paula Quiroga;;;;
SN-4092;Natación;21/03/2025;P;Paula Quiroga;;;;
SN-4092;Natación;28/03/2025;A;Paula Quiroga;;;;
SN-4092;Natación;04/04/2025;P;Paula Quiroga;;;;
SN-4092;Natación;11/04/2025;P;Paula Quiroga;;;;
SN-4093;Natación;07/03/2025;P;Paula Quiroga;;;;
SN-4093;Natación;14/03/2025;P;Paula Quiroga;;;;
SN-4093;Natación;21/03/2025;A;Paula Quiroga;;;;
SN-4093;Natación;28/03/2025;P;Paula Quiroga;;;;
SN-4093;Natación;04/04/2025;P;Paula Quiroga;;;;
SN-4093;Natación;11/04/2025;P;Paula Quiroga;;;;
SN-4001;Natación;07/03/2025;P;Paula Quiroga;;;;
SN-4001;Natación;14/03/2025;P;Paula Quiroga;;;;
SN-4001;Natación;21/03/2025;A;Paula Quiroga;;;;
SN-4001;Natación;28/03/2025;P;Paula Quiroga;;;;
SN-4001;Natación;04/04/2025;P;Paula Quiroga;;;;
SN-4001;Natación;11/04/2025;A;Paula Quiroga;;;;
SN-4094;Natación;07/03/2025;P;Paula Quiroga;;;;
SN-4094;Natación;14/03/2025;P;Paula Quiroga;;;;
SN-4094;Natación;21/03/2025;P;Paula Quiroga;;;;
SN-4094;Natación;28/03/2025;A;Paula Quiroga;;;;
SN-4094;Natación;04/04/2025;P;Paula Quiroga;;;;
SN-4094;Natación;11/04/2025;P;Paula Quiroga;;;;
SN-4116;Natación;07/03/2025;P;Paula Quiroga;;;;
SN-4116;Natación;14/03/2025;J;Paula Quiroga;;;;
SN-4116;Natación;21/03/2025;P;Paula Quiroga;;;;
SN-4116;Natación;28/03/2025;P;Paula Quiroga;;;;
SN-4116;Natación;04/04/2025;P;Paula Quiroga;;;;
SN-4116;Natación;11/04/2025;A;Paula Quiroga;;;;
SN-4117;Natación;07/03/2025;P;Paula Quiroga;;;;
SN-4117;Natación;14/03/2025;P;Paula Quiroga;;;;
SN-4117;Natación;21/03/2025;P;Paula Quiroga;;;;
SN-4117;Natación;28/03/2025;P;Paula Quiroga;;;;
SN-4117;Natación;04/04/2025;P;Paula Quiroga;;;;
SN-4117;Natación;11/04/2025;A;Paula Quiroga;;;;
SN-4020;Natación;07/03/2025;P;Paula Quiroga;;;;
SN-4020;Natación;14/03/2025;P;Paula Quiroga;;;;
SN-4020;Natación;21/03/2025;P;Paula Quiroga;;;;
SN-4020;Natación;28/03/2025;P;Paula Quiroga;;;;
SN-4020;Natación;04/04/2025;J;Paula Quiroga;;;;
SN-4020;Natación;11/04/2025;P;Paula Quiroga;;;;
SN-4058;Natación;07/03/2025;J;Paula Quiroga;;;;
SN-4058;Natación;14/03/2025;P;Paula Quiroga;;;;
SN-4058;Natación;21/03/2025;P;Paula Quiroga;;;;
SN-4058;Natación;28/03/2025;A;Paula Quiroga;;;;
SN-4058;Natación;04/04/2025;P;Paula Quiroga;;;;
SN-4058;Natación;11/04/2025;A;Paula Quiroga;;;;
SN-4148;Ajedrez;08/03/2025;P;Hector Alvarez;;;;
SN-4148;Ajedrez;15/03/2025;P;Hector Alvarez;;;;
SN-4148;Ajedrez;22/03/2025;P;Hector Alvarez;;;;
SN-4148;Ajedrez;29/03/2025;P;Hector Alvarez;;;;
SN-4148;Ajedrez;05/04/2025;P;Hector Alvarez;;;;
SN-4148;Ajedrez;12/04/2025;P;Hector Alvarez;;;;
SN-4144;Ajedrez;08/03/2025;P;Hector Alvarez;;;;
SN-4144;Ajedrez;15/03/2025;P;Hector Alvarez;;;;
SN-4144;Ajedrez;22/03/2025;P;Hector Alvarez;;;;
SN-4144;Ajedrez;29/03/2025;J;Hector Alvarez;;;;
SN-4144;Ajedrez;05/04/2025;P;Hector Alvarez;;;;
SN-4144;Ajedrez;12/04/2025;P;Hector Alvarez;;;;
SN-4149;Ajedrez;08/03/2025;P;Hector Alvarez;;;;
SN-4149;Ajedrez;15/03/2025;P;Hector Alvarez;;;;
SN-4149;Ajedrez;22/03/2025;P;Hector Alvarez;;;;
SN-4149;Ajedrez;29/03/2025;P;Hector Alvarez;;;;
SN-4149;Ajedrez;05/04/2025;J;Hector Alvarez;;;;
SN-4149;Ajedrez;12/04/2025;P;Hector Alvarez;;;;
SN-4150;Ajedrez;08/03/2025;P;Hector Alvarez;;;;
SN-4150;Ajedrez;15/03/2025;P;Hector Alvarez;;;;
SN-4150;Ajedrez;22/03/2025;P;Hector Alvarez;;;;
SN-4150;Ajedrez;29/03/2025;P;Hector Alvarez;;;;
SN-4150;Ajedrez;05/04/2025;J;Hector Alvarez;;;;
SN-4150;Ajedrez;12/04/2025;P;Hector Alvarez;;;;
SN-4129;Ajedrez;08/03/2025;P;Hector Alvarez;;;;
SN-4129;Ajedrez;15/03/2025;P;Hector Alvarez;;;;
SN-4129;Ajedrez;22/03/2025;P;Hector Alvarez;;;;
SN-4129;Ajedrez;29/03/2025;J;Hector Alvarez;;;;
SN-4129;Ajedrez;05/04/2025;P;Hector Alvarez;;;;
SN-4129;Ajedrez;12/04/2025;P;Hector Alvarez;;;;
SN-4132;Ajedrez;08/03/2025;P;Hector Alvarez;;;;
SN-4132;Ajedrez;15/03/2025;P;Hector Alvarez;;;;
SN-4132;Ajedrez;22/03/2025;J;Hector Alvarez;;;;
SN-4132;Ajedrez;29/03/2025;P;Hector Alvarez;;;;
SN-4132;Ajedrez;05/04/2025;P;Hector Alvarez;;;;
SN-4132;Ajedrez;12/04/2025;P;Hector Alvarez;;;;
SN-4133;Ajedrez;08/03/2025;P;Hector Alvarez;;;;
SN-4133;Ajedrez;15/03/2025;J;Hector Alvarez;;;;
SN-4133;Ajedrez;22/03/2025;P;Hector Alvarez;;;;
SN-4133;Ajedrez;29/03/2025;P;Hector Alvarez;;;;
SN-4133;Ajedrez;05/04/2025;P;Hector Alvarez;;;;
SN-4133;Ajedrez;12/04/2025;P;Hector Alvarez;;;;
SN-4143;Ajedrez;08/03/2025;P;Hector Alvarez;;;;
SN-4143;Ajedrez;15/03/2025;J;Hector Alvarez;;;;
SN-4143;Ajedrez;22/03/2025;P;Hector Alvarez;;;;
SN-4143;Ajedrez;29/03/2025;P;Hector Alvarez;;;;
SN-4143;Ajedrez;05/04/2025;P;Hector Alvarez;;;;
SN-4143;Ajedrez;12/04/2025;J;Hector Alvarez;;;;
SN-4154;Ajedrez;08/03/2025;P;Hector Alvarez;;;;
SN-4154;Ajedrez;15/03/2025;P;Hector Alvarez;;;;
SN-4154;Ajedrez;22/03/2025;P;Hector Alvarez;;;;
SN-4154;Ajedrez;29/03/2025;P;Hector Alvarez;;;;
SN-4154;Ajedrez;05/04/2025;P;Hector Alvarez;;;;
SN-4154;Ajedrez;12/04/2025;P;Hector Alvarez;;;;
SN-4037;Ajedrez;08/03/2025;P;Hector Alvarez;;;;
SN-4037;Ajedrez;15/03/2025;J;Hector Alvarez;;;;
SN-4037;Ajedrez;22/03/2025;P;Hector Alvarez;;;;
SN-4037;Ajedrez;29/03/2025;P;Hector Alvarez;;;;
SN-4037;Ajedrez;05/04/2025;P;Hector Alvarez;;;;
SN-4037;Ajedrez;12/04/2025;J;Hector Alvarez;;;;
SN-4057;Ajedrez;08/03/2025;J;Hector Alvarez;;;;
SN-4057;Ajedrez;15/03/2025;P;Hector Alvarez;;;;
SN-4057;Ajedrez;22/03/2025;P;Hector Alvarez;;;;
SN-4057;Ajedrez;29/03/2025;P;Hector Alvarez;;;;
SN-4057;Ajedrez;05/04/2025;P;Hector Alvarez;;;;
SN-4057;Ajedrez;12/04/2025;P;Hector Alvarez;;;;
SN-4031;Ajedrez;08/03/2025;J;Hector Alvarez;;;;
SN-4031;Ajedrez;15/03/2025;P;Hector Alvarez;;;;
SN-4031;Ajedrez;22/03/2025;P;Hector Alvarez;;;;
SN-4031;Ajedrez;29/03/2025;P;Hector Alvarez;;;;
SN-4031;Ajedrez;05/04/2025;P;Hector Alvarez;;;;
SN-4031;Ajedrez;12/04/2025;P;Hector Alvarez;;;;
SN-4016;Ajedrez;08/03/2025;P;Hector Alvarez;;;;
SN-4016;Ajedrez;15/03/2025;P;Hector Alvarez;;;;
SN-4016;Ajedrez;22/03/2025;P;Hector Alvarez;;;;
SN-4016;Ajedrez;29/03/2025;J;Hector Alvarez;;;;
SN-4016;Ajedrez;05/04/2025;P;Hector Alvarez;;;;
SN-4016;Ajedrez;12/04/2025;P;Hector Alvarez;;;;
SN-4054;Ajedrez;08/03/2025;P;Hector Alvarez;;;;
SN-4054;Ajedrez;15/03/2025;J;Hector Alvarez;;;;
SN-4054;Ajedrez;22/03/2025;P;Hector Alvarez;;;;
SN-4054;Ajedrez;29/03/2025;J;Hector Alvarez;;;;
SN-4054;Ajedrez;05/04/2025;J;Hector Alvarez;;;;
SN-4054;Ajedrez;12/04/2025;J;Hector Alvarez;;;;
SN-4038;Ajedrez;08/03/2025;P;Hector Alvarez;;;;
SN-4038;Ajedrez;15/03/2025;J;Hector Alvarez;;;;
SN-4038;Ajedrez;22/03/2025;P;Hector Alvarez;;;;
SN-4038;Ajedrez;29/03/2025;J;Hector Alvarez;;;;
SN-4038;Ajedrez;05/04/2025;P;Hector Alvarez;;;;
SN-4038;Ajedrez;12/04/2025;P;Hector Alvarez;;;;
SN-4048;Ajedrez;08/03/2025;P;Hector Alvarez;;;;
SN-4048;Ajedrez;15/03/2025;P;Hector Alvarez;;;;
SN-4048;Ajedrez;22/03/2025;J;Hector Alvarez;;;;
SN-4048;Ajedrez;29/03/2025;P;Hector Alvarez;;;;
SN-4048;Ajedrez;05/04/2025;P;Hector Alvarez;;;;
SN-4048;Ajedrez;12/04/2025;J;Hector Alvarez;;;;
SN-4075;Ajedrez;08/03/2025;P;Hector Alvarez;;;;
SN-4075;Ajedrez;15/03/2025;P;Hector Alvarez;;;;
SN-4075;Ajedrez;22/03/2025;P;Hector Alvarez;;;;
SN-4075;Ajedrez;29/03/2025;J;Hector Alvarez;;;;
SN-4075;Ajedrez;05/04/2025;P;Hector Alvarez;;;;
SN-4075;Ajedrez;12/04/2025;P;Hector Alvarez;;;;
SN-4076;Ajedrez;08/03/2025;P;Hector Alvarez;;;;
SN-4076;Ajedrez;15/03/2025;P;Hector Alvarez;;;;
SN-4076;Ajedrez;22/03/2025;J;Hector Alvarez;;;;
SN-4076;Ajedrez;29/03/2025;P;Roxana Guiterrez;;;;
SN-4076;Ajedrez;05/04/2025;J;Roxana Guiterrez;;;;
SN-4076;Ajedrez;12/04/2025;P;Roxana Guiterrez;;;;
SN-4015;Ajedrez;08/03/2025;P;Roxana Guiterrez;;;;
SN-4015;Ajedrez;15/03/2025;P;Roxana Guiterrez;;;;
SN-4015;Ajedrez;22/03/2025;J;Roxana Guiterrez;;;;
SN-4015;Ajedrez;29/03/2025;J;Roxana Guiterrez;;;;
SN-4015;Ajedrez;05/04/2025;J;Roxana Guiterrez;;;;
SN-4015;Ajedrez;12/04/2025;P;Roxana Guiterrez;;;;
SN-4060;Ajedrez;08/03/2025;P;Roxana Guiterrez;;;;
SN-4060;Ajedrez;15/03/2025;P;Roxana Guiterrez;;;;
SN-4060;Ajedrez;22/03/2025;P;Roxana Guiterrez;;;;
SN-4060;Ajedrez;29/03/2025;P;Roxana Guiterrez;;;;
SN-4060;Ajedrez;05/04/2025;P;Roxana Guiterrez;;;;
SN-4060;Ajedrez;12/04/2025;J;Roxana Guiterrez;;;;
SN-4051;Ajedrez;08/03/2025;P;Roxana Guiterrez;;;;
SN-4051;Ajedrez;15/03/2025;P;Roxana Guiterrez;;;;
SN-4051;Ajedrez;22/03/2025;P;Roxana Guiterrez;;;;
SN-4051;Ajedrez;29/03/2025;J;Roxana Guiterrez;;;;
SN-4051;Ajedrez;05/04/2025;P;Roxana Guiterrez;;;;
SN-4051;Ajedrez;12/04/2025;P;Roxana Guiterrez;;;;
SN-4061;Ajedrez;08/03/2025;P;Roxana Guiterrez;;;;
SN-4061;Ajedrez;15/03/2025;J;Roxana Guiterrez;;;;
SN-4061;Ajedrez;22/03/2025;P;Roxana Guiterrez;;;;
SN-4061;Ajedrez;29/03/2025;P;Roxana Guiterrez;;;;
SN-4061;Ajedrez;05/04/2025;J;Roxana Guiterrez;;;;
SN-4061;Ajedrez;12/04/2025;P;Roxana Guiterrez;;;;
SN-4069;Ajedrez;08/03/2025;P;Roxana Guiterrez;;;;
SN-4069;Ajedrez;15/03/2025;P;Roxana Guiterrez;;;;
SN-4069;Ajedrez;22/03/2025;J;Roxana Guiterrez;;;;
SN-4069;Ajedrez;29/03/2025;P;Roxana Guiterrez;;;;
SN-4069;Ajedrez;05/04/2025;P;Roxana Guiterrez;;;;
SN-4069;Ajedrez;12/04/2025;P;Roxana Guiterrez;;;;
SN-4113;Ajedrez;08/03/2025;P;Roxana Guiterrez;;;;
SN-4113;Ajedrez;15/03/2025;J;Roxana Guiterrez;;;;
SN-4113;Ajedrez;22/03/2025;P;Roxana Guiterrez;;;;
SN-4113;Ajedrez;29/03/2025;P;Roxana Guiterrez;;;;
SN-4113;Ajedrez;05/04/2025;P;Roxana Guiterrez;;;;
SN-4113;Ajedrez;12/04/2025;P;Roxana Guiterrez;;;;
SN-4053;Ajedrez;08/03/2025;J;Roxana Guiterrez;;;;
SN-4053;Ajedrez;15/03/2025;P;Roxana Guiterrez;;;;
SN-4053;Ajedrez;22/03/2025;P;Roxana Guiterrez;;;;
SN-4053;Ajedrez;29/03/2025;P;Roxana Guiterrez;;;;
SN-4053;Ajedrez;05/04/2025;J;Roxana Guiterrez;;;;
SN-4053;Ajedrez;12/04/2025;P;Roxana Guiterrez;;;;
SN-4003;Ajedrez;08/03/2025;P;Roxana Guiterrez;;;;
SN-4003;Ajedrez;15/03/2025;J;Roxana Guiterrez;;;;
SN-4003;Ajedrez;22/03/2025;P;Roxana Guiterrez;;;;
SN-4003;Ajedrez;29/03/2025;P;Hector Alvarez;;;;
SN-4003;Ajedrez;05/04/2025;P;Hector Alvarez;;;;
SN-4003;Ajedrez;12/04/2025;J;Hector Alvarez;;;;
SN-4062;Ajedrez;08/03/2025;P;Hector Alvarez;;;;
SN-4062;Ajedrez;15/03/2025;P;Hector Alvarez;;;;
SN-4062;Ajedrez;22/03/2025;J;Hector Alvarez;;;;
SN-4062;Ajedrez;29/03/2025;P;Hector Alvarez;;;;
SN-4062;Ajedrez;05/04/2025;P;Hector Alvarez;;;;
SN-4062;Ajedrez;12/04/2025;P;Hector Alvarez;;;;
SN-4077;Ajedrez;08/03/2025;J;Hector Alvarez;;;;
SN-4077;Ajedrez;15/03/2025;P;Hector Alvarez;;;;
SN-4077;Ajedrez;22/03/2025;P;Hector Alvarez;;;;
SN-4077;Ajedrez;29/03/2025;P;Hector Alvarez;;;;
SN-4077;Ajedrez;05/04/2025;P;Hector Alvarez;;;;
SN-4077;Ajedrez;12/04/2025;J;Hector Alvarez;;;;
SN-4074;Ajedrez;08/03/2025;P;Hector Alvarez;;;;
SN-4074;Ajedrez;15/03/2025;J;Hector Alvarez;;;;
SN-4074;Ajedrez;22/03/2025;P;Hector Alvarez;;;;
SN-4074;Ajedrez;29/03/2025;P;Hector Alvarez;;;;
SN-4074;Ajedrez;05/04/2025;P;Hector Alvarez;;;;
SN-4074;Ajedrez;12/04/2025;P;Hector Alvarez;;;;
SN-4063;Ajedrez;08/03/2025;P;Hector Alvarez;;;;
SN-4063;Ajedrez;15/03/2025;J;Hector Alvarez;;;;
SN-4063;Ajedrez;22/03/2025;P;Hector Alvarez;;;;
SN-4063;Ajedrez;29/03/2025;P;Hector Alvarez;;;;
SN-4063;Ajedrez;05/04/2025;J;Hector Alvarez;;;;
SN-4063;Ajedrez;12/04/2025;P;Hector Alvarez;;;;
SN-4032;Ajedrez;08/03/2025;P;Hector Alvarez;;;;
SN-4032;Ajedrez;15/03/2025;P;Hector Alvarez;;;;
SN-4032;Ajedrez;22/03/2025;J;Hector Alvarez;;;;
SN-4032;Ajedrez;29/03/2025;P;Hector Alvarez;;;;
SN-4032;Ajedrez;05/04/2025;P;Hector Alvarez;;;;
SN-4032;Ajedrez;12/04/2025;P;Hector Alvarez;;;;
SN-4005;Ajedrez;08/03/2025;J;Hector Alvarez;;;;
SN-4005;Ajedrez;15/03/2025;J;Hector Alvarez;;;;
SN-4005;Ajedrez;22/03/2025;P;Hector Alvarez;;;;
SN-4005;Ajedrez;29/03/2025;P;Hector Alvarez;;;;
SN-4005;Ajedrez;05/04/2025;J;Hector Alvarez;;;;
SN-4005;Ajedrez;12/04/2025;J;Hector Alvarez;;;;
SN-4035;Ajedrez;08/03/2025;P;Hector Alvarez;;;;
SN-4035;Ajedrez;15/03/2025;P;Hector Alvarez;;;;
SN-4035;Ajedrez;22/03/2025;P;Hector Alvarez;;;;
SN-4035;Ajedrez;29/03/2025;J;Hector Alvarez;;;;
SN-4035;Ajedrez;05/04/2025;P;Hector Alvarez;;;;
SN-4035;Ajedrez;12/04/2025;P;Hector Alvarez;;;;
SN-4110;Ajedrez;08/03/2025;P;Hector Alvarez;;;;
SN-4110;Ajedrez;15/03/2025;P;Hector Alvarez;;;;
SN-4110;Ajedrez;22/03/2025;P;Hector Alvarez;;;;
SN-4110;Ajedrez;29/03/2025;P;Hector Alvarez;;;;
SN-4110;Ajedrez;05/04/2025;P;Hector Alvarez;;;;
SN-4110;Ajedrez;12/04/2025;J;Hector Alvarez;;;;
SN-4009;Ajedrez;08/03/2025;J;Hector Alvarez;;;;
SN-4009;Ajedrez;15/03/2025;J;Hector Alvarez;;;;
SN-4009;Ajedrez;22/03/2025;P;Hector Alvarez;;;;
SN-4009;Ajedrez;29/03/2025;P;Hector Alvarez;;;;
SN-4009;Ajedrez;05/04/2025;J;Hector Alvarez;;;;
SN-4009;Ajedrez;12/04/2025;P;Hector Alvarez;;;;
SN-4040;Ajedrez;08/03/2025;P;Hector Alvarez;;;;
SN-4040;Ajedrez;15/03/2025;P;Hector Alvarez;;;;
SN-4040;Ajedrez;22/03/2025;P;Hector Alvarez;;;;
SN-4040;Ajedrez;29/03/2025;J;Hector Alvarez;;;;
SN-4040;Ajedrez;05/04/2025;P;Hector Alvarez;;;;
SN-4040;Ajedrez;12/04/2025;P;Hector Alvarez;;;;
SN-4068;Ajedrez;08/03/2025;J;Hector Alvarez;;;;
SN-4068;Ajedrez;15/03/2025;P;Hector Alvarez;;;;
SN-4068;Ajedrez;22/03/2025;P;Hector Alvarez;;;;
SN-4068;Ajedrez;29/03/2025;P;Hector Alvarez;;;;
SN-4068;Ajedrez;05/04/2025;P;Hector Alvarez;;;;
SN-4068;Ajedrez;12/04/2025;P;Hector Alvarez;;;;
SN-4033;Ajedrez;08/03/2025;P;Hector Alvarez;;;;
SN-4033;Ajedrez;15/03/2025;P;Hector Alvarez;;;;
SN-4033;Ajedrez;22/03/2025;P;Hector Alvarez;;;;
SN-4033;Ajedrez;29/03/2025;J;Hector Alvarez;;;;
SN-4033;Ajedrez;05/04/2025;P;Hector Alvarez;;;;
SN-4033;Ajedrez;12/04/2025;J;Hector Alvarez;;;;
SN-4008;Ajedrez;08/03/2025;P;Hector Alvarez;;;;
SN-4008;Ajedrez;15/03/2025;P;Hector Alvarez;;;;
SN-4008;Ajedrez;22/03/2025;P;Hector Alvarez;;;;
SN-4008;Ajedrez;29/03/2025;J;Hector Alvarez;;;;
SN-4008;Ajedrez;05/04/2025;P;Hector Alvarez;;;;
SN-4008;Ajedrez;12/04/2025;P;Hector Alvarez;;;;
SN-4014;Ajedrez;08/03/2025;P;Hector Alvarez;;;;
SN-4014;Ajedrez;15/03/2025;J;Hector Alvarez;;;;
SN-4014;Ajedrez;22/03/2025;P;Hector Alvarez;;;;
SN-4014;Ajedrez;29/03/2025;P;Hector Alvarez;;;;
SN-4014;Ajedrez;05/04/2025;P;Hector Alvarez;;;;
SN-4014;Ajedrez;12/04/2025;P;Hector Alvarez;;;;
SN-4078;Ajedrez;08/03/2025;J;Hector Alvarez;;;;
SN-4078;Ajedrez;15/03/2025;P;Hector Alvarez;;;;
SN-4078;Ajedrez;22/03/2025;P;Hector Alvarez;;;;
SN-4078;Ajedrez;29/03/2025;P;Hector Alvarez;;;;
SN-4078;Ajedrez;05/04/2025;P;Hector Alvarez;;;;
SN-4078;Ajedrez;12/04/2025;P;Hector Alvarez;;;;
SN-4041;Ajedrez;08/03/2025;J;Hector Alvarez;;;;
SN-4041;Ajedrez;15/03/2025;P;Hector Alvarez;;;;
SN-4041;Ajedrez;22/03/2025;P;Hector Alvarez;;;;
SN-4041;Ajedrez;29/03/2025;P;Hector Alvarez;;;;
SN-4041;Ajedrez;05/04/2025;J;Hector Alvarez;;;;
SN-4041;Ajedrez;12/04/2025;P;Hector Alvarez;;;;
SN-4059;Ajedrez;08/03/2025;P;Hector Alvarez;;;;
SN-4059;Ajedrez;15/03/2025;P;Hector Alvarez;;;;
SN-4059;Ajedrez;22/03/2025;P;Hector Alvarez;;;;
SN-4059;Ajedrez;29/03/2025;J;Hector Alvarez;;;;
SN-4059;Ajedrez;05/04/2025;P;Hector Alvarez;;;;
SN-4059;Ajedrez;12/04/2025;P;Hector Alvarez;;;;
SN-4073;Ajedrez;08/03/2025;P;Roxana Guiterrez;;;;
SN-4073;Ajedrez;15/03/2025;P;Roxana Guiterrez;;;;
SN-4073;Ajedrez;22/03/2025;P;Roxana Guiterrez;;;;
SN-4073;Ajedrez;29/03/2025;P;Roxana Guiterrez;;;;
SN-4073;Ajedrez;05/04/2025;J;Roxana Guiterrez;;;;
SN-4073;Ajedrez;12/04/2025;PP;Roxana Guiterrez;;;;
SN-4080;Ajedrez;08/03/2025;P;Roxana Guiterrez;;;;
SN-4080;Ajedrez;15/03/2025;P;Roxana Guiterrez;;;;
SN-4080;Ajedrez;22/03/2025;J;Roxana Guiterrez;;;;
SN-4080;Ajedrez;29/03/2025;P;Roxana Guiterrez;;;;
SN-4080;Ajedrez;05/04/2025;J;Roxana Guiterrez;;;;
SN-4080;Ajedrez;12/04/2025;J;Roxana Guiterrez;;;;
SN-4002;Ajedrez;08/03/2025;P;Roxana Guiterrez;;;;
SN-4002;Ajedrez;15/03/2025;P;Roxana Guiterrez;;;;
SN-4002;Ajedrez;22/03/2025;P;Roxana Guiterrez;;;;
SN-4002;Ajedrez;29/03/2025;P;Roxana Guiterrez;;;;
SN-4002;Ajedrez;05/04/2025;J;Roxana Guiterrez;;;;
SN-4002;Ajedrez;12/04/2025;P;Roxana Guiterrez;;;;
SN-4013;Ajedrez;08/03/2025;P;Roxana Guiterrez;;;;
SN-4013;Ajedrez;15/03/2025;P;Roxana Guiterrez;;;;
SN-4013;Ajedrez;22/03/2025;P;Roxana Guiterrez;;;;
SN-4013;Ajedrez;29/03/2025;J;Roxana Guiterrez;;;;
SN-4013;Ajedrez;05/04/2025;P;Roxana Guiterrez;;;;
SN-4013;Ajedrez;12/04/2025;P;Roxana Guiterrez;;;;
SN-4019;Ajedrez;08/03/2025;P;Roxana Guiterrez;;;;
SN-4019;Ajedrez;15/03/2025;P;Roxana Guiterrez;;;;
SN-4019;Ajedrez;22/03/2025;J;Roxana Guiterrez;;;;
SN-4019;Ajedrez;29/03/2025;P;Roxana Guiterrez;;;;
SN-4019;Ajedrez;05/04/2025;P;Roxana Guiterrez;;;;
SN-4019;Ajedrez;12/04/2025;J;Roxana Guiterrez;;;;
SN-4056;Ajedrez;08/03/2025;P;Roxana Guiterrez;;;;
SN-4056;Ajedrez;15/03/2025;P;Roxana Guiterrez;;;;
SN-4056;Ajedrez;22/03/2025;P;Roxana Guiterrez;;;;
SN-4056;Ajedrez;29/03/2025;P;Roxana Guiterrez;;;;
SN-4056;Ajedrez;05/04/2025;J;Roxana Guiterrez;;;;
SN-4056;Ajedrez;12/04/2025;P;Roxana Guiterrez;;;;
SN-4079;Ajedrez;08/03/2025;P;Roxana Guiterrez;;;;
SN-4079;Ajedrez;15/03/2025;P;Roxana Guiterrez;;;;
SN-4079;Ajedrez;22/03/2025;P;Roxana Guiterrez;;;;
SN-4079;Ajedrez;29/03/2025;P;Roxana Guiterrez;;;;
SN-4079;Ajedrez;05/04/2025;P;Roxana Guiterrez;;;;
SN-4079;Ajedrez;12/04/2025;P;Roxana Guiterrez;;;;
SN-4081;Ajedrez;08/03/2025;P;Roxana Guiterrez;;;;
SN-4081;Ajedrez;15/03/2025;P;Roxana Guiterrez;;;;
SN-4081;Ajedrez;22/03/2025;P;Roxana Guiterrez;;;;
SN-4081;Ajedrez;29/03/2025;P;Roxana Guiterrez;;;;
SN-4081;Ajedrez;05/04/2025;J;Roxana Guiterrez;;;;
SN-4081;Ajedrez;12/04/2025;J;Roxana Guiterrez;;;;
SN-4045;Ajedrez;08/03/2025;J;Hector Alvarez;;;;
SN-4045;Ajedrez;15/03/2025;P;Hector Alvarez;;;;
SN-4045;Ajedrez;22/03/2025;PP;Hector Alvarez;;;;
SN-4045;Ajedrez;29/03/2025;P;Hector Alvarez;;;;
SN-4045;Ajedrez;05/04/2025;J;Hector Alvarez;;;;
SN-4045;Ajedrez;12/04/2025;J;Hector Alvarez;;;;
SN-4067;Ajedrez;08/03/2025;J;Hector Alvarez;;;;
SN-4067;Ajedrez;15/03/2025;P;Hector Alvarez;;;;
SN-4067;Ajedrez;22/03/2025;P;Hector Alvarez;;;;
SN-4067;Ajedrez;29/03/2025;P;Hector Alvarez;;;;
SN-4067;Ajedrez;05/04/2025;P;Hector Alvarez;;;;
SN-4067;Ajedrez;12/04/2025;P;Hector Alvarez;;;;
SN-4111;Ajedrez;08/03/2025;P;Hector Alvarez;;;;
SN-4111;Ajedrez;15/03/2025;P;Hector Alvarez;;;;
SN-4111;Ajedrez;22/03/2025;P;Hector Alvarez;;;;
SN-4111;Ajedrez;29/03/2025;J;Hector Alvarez;;;;
SN-4111;Ajedrez;05/04/2025;P;Hector Alvarez;;;;
SN-4111;Ajedrez;12/04/2025;P;Hector Alvarez;;;;
SN-4112;Ajedrez;08/03/2025;P;Hector Alvarez;;;;
SN-4112;Ajedrez;15/03/2025;P;Hector Alvarez;;;;
SN-4112;Ajedrez;22/03/2025;P;Hector Alvarez;;;;
SN-4112;Ajedrez;29/03/2025;P;Hector Alvarez;;;;
SN-4112;Ajedrez;05/04/2025;P;Hector Alvarez;;;;
SN-4112;Ajedrez;12/04/2025;P;Hector Alvarez;;;;
SN-4127;Futsal;03/03/2025;P;Pablo Rodrigez;;;;
SN-4127;Futsal;10/03/2025;P;Pablo Rodrigez;;;;
SN-4127;Futsal;17/03/2025;P;Pablo Rodrigez;;;;
SN-4127;Futsal;24/03/2025;J;Pablo Rodrigez;;;;
SN-4127;Futsal;31/03/2025;P;Pablo Rodrigez;;;;
SN-4127;Futsal;07/04/2025;P;Pablo Rodrigez;;;;
SN-4128;Futsal;14/04/2025;P;Pablo Rodrigez;;;;
SN-4128;Futsal;03/03/2025;P;Pablo Rodrigez;;;;
SN-4128;Futsal;10/03/2025;P;Pablo Rodrigez;;;;
SN-4128;Futsal;17/03/2025;P;Pablo Rodrigez;;;;
SN-4128;Futsal;24/03/2025;P;Pablo Rodrigez;;;;
SN-4128;Futsal;31/03/2025;P;Pablo Rodrigez;;;;
SN-4130;Futsal;07/04/2025;A;Pablo Rodrigez;;;;
SN-4130;Futsal;14/04/2025;P;Pablo Rodrigez;;;;
SN-4130;Futsal;03/03/2025;P;Pablo Rodrigez;;;;
SN-4130;Futsal;10/03/2025;P;Pablo Rodrigez;;;;
SN-4130;Futsal;17/03/2025;P;Pablo Rodrigez;;;;
SN-4130;Futsal;24/03/2025;P;Pablo Rodrigez;;;;
SN-4131;Futsal;31/03/2025;P;Pablo Rodrigez;;;;
SN-4131;Futsal;07/04/2025;P;Pablo Rodrigez;;;;
SN-4131;Futsal;14/04/2025;J;Pablo Rodrigez;;;;
SN-4131;Futsal;03/03/2025;P;Pablo Rodrigez;;;;
SN-4131;Futsal;10/03/2025;P;Pablo Rodrigez;;;;
SN-4131;Futsal;17/03/2025;P;Pablo Rodrigez;;;;
SN-4135;Futsal;24/03/2025;P;Pablo Rodrigez;;;;
SN-4135;Futsal;31/03/2025;P;Pablo Rodrigez;;;;
SN-4135;Futsal;07/04/2025;A;Pablo Rodrigez;;;;
SN-4135;Futsal;14/04/2025;P;Pablo Rodrigez;;;;
SN-4135;Futsal;03/03/2025;P;Pablo Rodrigez;;;;
SN-4135;Futsal;10/03/2025;P;Pablo Rodrigez;;;;
SN-4136;Futsal;17/03/2025;P;Pablo Rodrigez;;;;
SN-4136;Futsal;24/03/2025;P;Pablo Rodrigez;;;;
SN-4136;Futsal;31/03/2025;J;Pablo Rodrigez;;;;
SN-4136;Futsal;07/04/2025;P;Pablo Rodrigez;;;;
SN-4136;Futsal;14/04/2025;P;Pablo Rodrigez;;;;
SN-4136;Futsal;03/03/2025;P;Pablo Rodrigez;;;;
SN-4138;Futsal;10/03/2025;P;Pablo Rodrigez;;;;
SN-4138;Futsal;17/03/2025;P;Pablo Rodrigez;;;;
SN-4138;Futsal;24/03/2025;P;Pablo Rodrigez;;;;
SN-4138;Futsal;31/03/2025;P;Pablo Rodrigez;;;;
SN-4138;Futsal;07/04/2025;A;Pablo Rodrigez;;;;
SN-4138;Futsal;14/04/2025;P;Pablo Rodrigez;;;;
SN-4140;Futsal;03/03/2025;P;Pablo Rodrigez;;;;
SN-4140;Futsal;10/03/2025;P;Pablo Rodrigez;;;;
SN-4140;Futsal;17/03/2025;P;Pablo Rodrigez;;;;
SN-4140;Futsal;24/03/2025;P;Pablo Rodrigez;;;;
SN-4140;Futsal;31/03/2025;P;Pablo Rodrigez;;;;
SN-4140;Futsal;07/04/2025;P;Pablo Rodrigez;;;;
